-- Area
INSERT INTO Area VALUES ('15006', 'Bairdford');
INSERT INTO Area VALUES ('15007', 'Bakerstown');
INSERT INTO Area VALUES ('15014', 'Brackenridge');
INSERT INTO Area VALUES ('15015', 'Bradfordwoods');
INSERT INTO Area VALUES ('15017', 'Bridgeville');
INSERT INTO Area VALUES ('15018', 'Buena Vista');
INSERT INTO Area VALUES ('15020', 'Bunola');
INSERT INTO Area VALUES ('15024', 'Cheswick');
INSERT INTO Area VALUES ('15025', 'Clairton');
INSERT INTO Area VALUES ('15028', 'Coulters');
INSERT INTO Area VALUES ('15030', 'Creighton');
INSERT INTO Area VALUES ('15031', 'Cuddy');
INSERT INTO Area VALUES ('15032', 'Curtisville');
INSERT INTO Area VALUES ('15034', 'Dravosburg');
INSERT INTO Area VALUES ('15035', 'East Mc Keesport');
INSERT INTO Area VALUES ('15037', 'Elizabeth');
INSERT INTO Area VALUES ('15044', 'Gibsonia');
INSERT INTO Area VALUES ('15045', 'Glassport');
INSERT INTO Area VALUES ('15046', 'Crescent');
INSERT INTO Area VALUES ('15047', 'Greenock');
INSERT INTO Area VALUES ('15049', 'Harwick');
INSERT INTO Area VALUES ('15051', 'Indianola');
INSERT INTO Area VALUES ('15056', 'Leetsdale');
INSERT INTO Area VALUES ('15064', 'Morgan');
INSERT INTO Area VALUES ('15065', 'Natrona Heights');
INSERT INTO Area VALUES ('15071', 'Oakdale');
INSERT INTO Area VALUES ('15075', 'Rural Ridge');
INSERT INTO Area VALUES ('15076', 'Russellton');
INSERT INTO Area VALUES ('15082', 'Sturgeon');
INSERT INTO Area VALUES ('15084', 'Tarentum');
INSERT INTO Area VALUES ('15086', 'Warrendale');
INSERT INTO Area VALUES ('15088', 'West Elizabeth');
INSERT INTO Area VALUES ('15090', 'Wexford');
INSERT INTO Area VALUES ('15091', 'Wildwood');
INSERT INTO Area VALUES ('15095', 'Warrendale');
INSERT INTO Area VALUES ('15096', 'Warrendale');
INSERT INTO Area VALUES ('15101', 'Allison Park');
INSERT INTO Area VALUES ('15102', 'Bethel Park');
INSERT INTO Area VALUES ('15104', 'Braddock');
INSERT INTO Area VALUES ('15106', 'Carnegie');
INSERT INTO Area VALUES ('15108', 'Coraopolis');
INSERT INTO Area VALUES ('15110', 'Duquesne');
INSERT INTO Area VALUES ('15112', 'East Pittsburgh');
INSERT INTO Area VALUES ('15116', 'Glenshaw');
INSERT INTO Area VALUES ('15120', 'Homestead');
INSERT INTO Area VALUES ('15122', 'West Mifflin');
INSERT INTO Area VALUES ('15123', 'West Mifflin');
INSERT INTO Area VALUES ('15126', 'Imperial');
INSERT INTO Area VALUES ('15127', 'Ingomar');
INSERT INTO Area VALUES ('15129', 'South Park');
INSERT INTO Area VALUES ('15131', 'Mckeesport');
INSERT INTO Area VALUES ('15132', 'Mckeesport');
INSERT INTO Area VALUES ('15133', 'Mckeesport');
INSERT INTO Area VALUES ('15134', 'Mckeesport');
INSERT INTO Area VALUES ('15135', 'Mckeesport');
INSERT INTO Area VALUES ('15136', 'Mc Kees Rocks');
INSERT INTO Area VALUES ('15137', 'North Versailles');
INSERT INTO Area VALUES ('15139', 'Oakmont');
INSERT INTO Area VALUES ('15140', 'Pitcairn');
INSERT INTO Area VALUES ('15142', 'Presto');
INSERT INTO Area VALUES ('15143', 'Sewickley');
INSERT INTO Area VALUES ('15144', 'Springdale');
INSERT INTO Area VALUES ('15145', 'Turtle Creek');
INSERT INTO Area VALUES ('15146', 'Monroeville');
INSERT INTO Area VALUES ('15147', 'Verona');
INSERT INTO Area VALUES ('15148', 'Wilmerding');
INSERT INTO Area VALUES ('15201', 'Pittsburgh');
INSERT INTO Area VALUES ('15202', 'Pittsburgh');
INSERT INTO Area VALUES ('15203', 'Pittsburgh');
INSERT INTO Area VALUES ('15204', 'Pittsburgh');
INSERT INTO Area VALUES ('15205', 'Pittsburgh');
INSERT INTO Area VALUES ('15206', 'Pittsburgh');
INSERT INTO Area VALUES ('15207', 'Pittsburgh');
INSERT INTO Area VALUES ('15208', 'Pittsburgh');
INSERT INTO Area VALUES ('15209', 'Pittsburgh');
INSERT INTO Area VALUES ('15210', 'Pittsburgh');
INSERT INTO Area VALUES ('15211', 'Pittsburgh');
INSERT INTO Area VALUES ('15212', 'Pittsburgh');
INSERT INTO Area VALUES ('15213', 'Pittsburgh');
INSERT INTO Area VALUES ('15214', 'Pittsburgh');
INSERT INTO Area VALUES ('15215', 'Pittsburgh');
INSERT INTO Area VALUES ('15216', 'Pittsburgh');
INSERT INTO Area VALUES ('15217', 'Pittsburgh');
INSERT INTO Area VALUES ('15218', 'Pittsburgh');
INSERT INTO Area VALUES ('15219', 'Pittsburgh');
INSERT INTO Area VALUES ('15220', 'Pittsburgh');
INSERT INTO Area VALUES ('15221', 'Pittsburgh');
INSERT INTO Area VALUES ('15222', 'Pittsburgh');
INSERT INTO Area VALUES ('15223', 'Pittsburgh');
INSERT INTO Area VALUES ('15224', 'Pittsburgh');
INSERT INTO Area VALUES ('15225', 'Pittsburgh');
INSERT INTO Area VALUES ('15226', 'Pittsburgh');
INSERT INTO Area VALUES ('15227', 'Pittsburgh');
INSERT INTO Area VALUES ('15228', 'Pittsburgh');
INSERT INTO Area VALUES ('15229', 'Pittsburgh');
INSERT INTO Area VALUES ('15230', 'Pittsburgh');
INSERT INTO Area VALUES ('15231', 'Pittsburgh');
INSERT INTO Area VALUES ('15232', 'Pittsburgh');
INSERT INTO Area VALUES ('15233', 'Pittsburgh');
INSERT INTO Area VALUES ('15234', 'Pittsburgh');
INSERT INTO Area VALUES ('15235', 'Pittsburgh');
INSERT INTO Area VALUES ('15236', 'Pittsburgh');
INSERT INTO Area VALUES ('15237', 'Pittsburgh');
INSERT INTO Area VALUES ('15238', 'Pittsburgh');
INSERT INTO Area VALUES ('15239', 'Pittsburgh');
INSERT INTO Area VALUES ('15240', 'Pittsburgh');
INSERT INTO Area VALUES ('15241', 'Pittsburgh');
INSERT INTO Area VALUES ('15242', 'Pittsburgh');
INSERT INTO Area VALUES ('15243', 'Pittsburgh');
INSERT INTO Area VALUES ('15244', 'Pittsburgh');
INSERT INTO Area VALUES ('15250', 'Pittsburgh');
INSERT INTO Area VALUES ('15251', 'Pittsburgh');
INSERT INTO Area VALUES ('15252', 'Pittsburgh');
INSERT INTO Area VALUES ('15253', 'Pittsburgh');
INSERT INTO Area VALUES ('15254', 'Pittsburgh');
INSERT INTO Area VALUES ('15255', 'Pittsburgh');
INSERT INTO Area VALUES ('15257', 'Pittsburgh');
INSERT INTO Area VALUES ('15258', 'Pittsburgh');
INSERT INTO Area VALUES ('15259', 'Pittsburgh');
INSERT INTO Area VALUES ('15260', 'Pittsburgh');
INSERT INTO Area VALUES ('15261', 'Pittsburgh');
INSERT INTO Area VALUES ('15262', 'Pittsburgh');
INSERT INTO Area VALUES ('15264', 'Pittsburgh');
INSERT INTO Area VALUES ('15265', 'Pittsburgh');
INSERT INTO Area VALUES ('15267', 'Pittsburgh');
INSERT INTO Area VALUES ('15268', 'Pittsburgh');
INSERT INTO Area VALUES ('15270', 'Pittsburgh');
INSERT INTO Area VALUES ('15272', 'Pittsburgh');
INSERT INTO Area VALUES ('15274', 'Pittsburgh');
INSERT INTO Area VALUES ('15275', 'Pittsburgh');
INSERT INTO Area VALUES ('15276', 'Pittsburgh');
INSERT INTO Area VALUES ('15277', 'Pittsburgh');
INSERT INTO Area VALUES ('15278', 'Pittsburgh');
INSERT INTO Area VALUES ('15279', 'Pittsburgh');
INSERT INTO Area VALUES ('15281', 'Pittsburgh');
INSERT INTO Area VALUES ('15282', 'Pittsburgh');
INSERT INTO Area VALUES ('15283', 'Pittsburgh');
INSERT INTO Area VALUES ('15286', 'Pittsburgh');
INSERT INTO Area VALUES ('15289', 'Pittsburgh');
INSERT INTO Area VALUES ('15290', 'Pittsburgh');
INSERT INTO Area VALUES ('15295', 'Pittsburgh');

-- Tag
INSERT INTO Tag (imglink, name, parentid) VALUES ('img-db5f143d-1aa7-4279-a2e8-53af18f82790.jpg', 'Bakery Goods', -1);
INSERT INTO Tag (imglink, name, parentid) VALUES ('img-ba4e46ea-e36c-4813-bf40-c869eb8aec08.jpg', 'Dairy Product', -1);
INSERT INTO Tag (imglink, name, parentid) VALUES ('img-71527798-0bbb-4ce4-80f9-23961bd67ef2.jpg', 'Frozen Foods', -1);
INSERT INTO Tag (imglink, name, parentid) VALUES ('img-1f604845-5851-47e4-8b12-1ef6210d2225.jpg', 'Fruits', -1);
INSERT INTO Tag (imglink, name, parentid) VALUES ('img-473f40be-456e-4f82-93c4-3473cb4b9e96.jpg', 'Grocery Products', -1);
INSERT INTO Tag (imglink, name, parentid) VALUES ('img-de178f3d-6afa-4ad0-94e1-0ba703b75311.jpg', 'Healthy Foods', -1);
INSERT INTO Tag (imglink, name, parentid) VALUES ('img-5e162b2f-bcde-470d-9983-e76917bb94ed.jpg', 'Meat', -1);
INSERT INTO Tag (imglink, name, parentid) VALUES ('img-cf17a623-afd4-4cc7-a93e-d5e025f177a3.jpg', 'Poultry', -1);
INSERT INTO Tag (imglink, name, parentid) VALUES ('img-ae4e5ebf-a325-41a6-b796-8ee97bd829b7.jpg', 'Seafood', -1);
INSERT INTO Tag (imglink, name, parentid) VALUES ('img-20a6b25e-6fc3-416c-923b-9397cf21344d.jpg', 'Seeds & Nuts', -1);
INSERT INTO Tag (imglink, name, parentid) VALUES ('img-4f3f2d16-67a1-41ca-bcf9-804814956219.jpg', 'Vegetables', -1);

INSERT INTO Tag (imglink, name, parentid) VALUES (null, 'Bagels', 1);
INSERT INTO Tag (imglink, name, parentid) VALUES (null, 'Baking: Flour & Mixes', 1);
INSERT INTO Tag (imglink, name, parentid) VALUES (null, 'Biscuits & Biscuit Mixes', 1);
INSERT INTO Tag (imglink, name, parentid) VALUES (null, 'Bread', 1);
INSERT INTO Tag (imglink, name, parentid) VALUES (null, 'Cakes & Cake Mixes', 1);
INSERT INTO Tag (imglink, name, parentid) VALUES (null, 'Dough', 1);
INSERT INTO Tag (imglink, name, parentid) VALUES (null, 'Flour', 1);
INSERT INTO Tag (imglink, name, parentid) VALUES (null, 'Matzos', 1);
INSERT INTO Tag (imglink, name, parentid) VALUES (null, 'Muffins', 1);
INSERT INTO Tag (imglink, name, parentid) VALUES (null, 'Pancake Mixes', 1);
INSERT INTO Tag (imglink, name, parentid) VALUES (null, 'Pies/Tarts', 1);

INSERT INTO Tag (imglink, name, parentid) VALUES (null, 'Butter', 2);
INSERT INTO Tag (imglink, name, parentid) VALUES (null, 'Cheese', 2);
INSERT INTO Tag (imglink, name, parentid) VALUES (null, 'Coffee Creamer', 2);
INSERT INTO Tag (imglink, name, parentid) VALUES (null, 'Dairy Products', 2);
INSERT INTO Tag (imglink, name, parentid) VALUES (null, 'Frozen Yogurt', 2);
INSERT INTO Tag (imglink, name, parentid) VALUES (null, 'Ice Cream & Ice Milk', 2);
INSERT INTO Tag (imglink, name, parentid) VALUES (null, 'Milk', 2);
INSERT INTO Tag (imglink, name, parentid) VALUES (null, 'Yogurt', 2);
INSERT INTO Tag (imglink, name, parentid) VALUES (null, 'Frozen: Beef', 3);
INSERT INTO Tag (imglink, name, parentid) VALUES (null, 'Frozen: Foods', 3);
INSERT INTO Tag (imglink, name, parentid) VALUES (null, 'Frozen: Frozen Dinners', 3);
INSERT INTO Tag (imglink, name, parentid) VALUES (null, 'Frozen: Fruit', 3);
INSERT INTO Tag (imglink, name, parentid) VALUES (null, 'Frozen: Meats', 3);
INSERT INTO Tag (imglink, name, parentid) VALUES (null, 'Frozen: Pork', 3);
INSERT INTO Tag (imglink, name, parentid) VALUES (null, 'Frozen: Poultry', 3);
INSERT INTO Tag (imglink, name, parentid) VALUES (null, 'Frozen: Turkey', 3);
INSERT INTO Tag (imglink, name, parentid) VALUES (null, 'Frozen: Vegetable', 3);
INSERT INTO Tag (imglink, name, parentid) VALUES (null, 'Apple Products', 4);
INSERT INTO Tag (imglink, name, parentid) VALUES (null, 'Apple Sauce', 4);
INSERT INTO Tag (imglink, name, parentid) VALUES (null, 'Apples', 4);
INSERT INTO Tag (imglink, name, parentid) VALUES (null, 'Apricots', 4);
INSERT INTO Tag (imglink, name, parentid) VALUES (null, 'Avocados', 4);
INSERT INTO Tag (imglink, name, parentid) VALUES (null, 'Blackberries', 4);
INSERT INTO Tag (imglink, name, parentid) VALUES (null, 'Blueberries', 4);
INSERT INTO Tag (imglink, name, parentid) VALUES (null, 'Carambolas: Star Fruit', 4);
INSERT INTO Tag (imglink, name, parentid) VALUES (null, 'Cherimoyas', 4);
INSERT INTO Tag (imglink, name, parentid) VALUES (null, 'Cherries', 4);
INSERT INTO Tag (imglink, name, parentid) VALUES (null, 'Cherries: Maraschino', 4);
INSERT INTO Tag (imglink, name, parentid) VALUES (null, 'Cranberries', 4);
INSERT INTO Tag (imglink, name, parentid) VALUES (null, 'Dates', 4);
INSERT INTO Tag (imglink, name, parentid) VALUES (null, 'Fruits', 4);
INSERT INTO Tag (imglink, name, parentid) VALUES (null, 'Fruits: Citrus', 4);
INSERT INTO Tag (imglink, name, parentid) VALUES (null, 'Fruits: Cocktail', 4);
INSERT INTO Tag (imglink, name, parentid) VALUES (null, 'Grapefruit', 4);
INSERT INTO Tag (imglink, name, parentid) VALUES (null, 'Grapes', 4);
INSERT INTO Tag (imglink, name, parentid) VALUES (null, 'Huckleberries', 4);
INSERT INTO Tag (imglink, name, parentid) VALUES (null, 'Kiwi Fruit', 4);
INSERT INTO Tag (imglink, name, parentid) VALUES (null, 'Kumquats', 4);
INSERT INTO Tag (imglink, name, parentid) VALUES (null, 'Lemons', 4);
INSERT INTO Tag (imglink, name, parentid) VALUES (null, 'Limes', 4);
INSERT INTO Tag (imglink, name, parentid) VALUES (null, 'Lychees', 4);
INSERT INTO Tag (imglink, name, parentid) VALUES (null, 'Mandarins', 4);
INSERT INTO Tag (imglink, name, parentid) VALUES (null, 'Mangos', 4);
INSERT INTO Tag (imglink, name, parentid) VALUES (null, 'Muscanides & Products', 4);
INSERT INTO Tag (imglink, name, parentid) VALUES (null, 'Nectarines', 4);
INSERT INTO Tag (imglink, name, parentid) VALUES (null, 'Oranges', 4);
INSERT INTO Tag (imglink, name, parentid) VALUES (null, 'Papaya', 4);
INSERT INTO Tag (imglink, name, parentid) VALUES (null, 'Passion Fruit', 4);
INSERT INTO Tag (imglink, name, parentid) VALUES (null, 'Peaches', 4);
INSERT INTO Tag (imglink, name, parentid) VALUES (null, 'Pears', 4);
INSERT INTO Tag (imglink, name, parentid) VALUES (null, 'Plums', 4);
INSERT INTO Tag (imglink, name, parentid) VALUES (null, 'Raisins', 4);
INSERT INTO Tag (imglink, name, parentid) VALUES (null, 'Raspberries', 4);
INSERT INTO Tag (imglink, name, parentid) VALUES (null, 'Strawberries', 4);
INSERT INTO Tag (imglink, name, parentid) VALUES (null, 'Tangelos', 4);
INSERT INTO Tag (imglink, name, parentid) VALUES (null, 'Tangerines', 4);
INSERT INTO Tag (imglink, name, parentid) VALUES (null, 'Additives', 5);
INSERT INTO Tag (imglink, name, parentid) VALUES (null, 'Amaranth', 5);
INSERT INTO Tag (imglink, name, parentid) VALUES (null, 'Bouillon', 5);
INSERT INTO Tag (imglink, name, parentid) VALUES (null, 'Canola Oil', 5);
INSERT INTO Tag (imglink, name, parentid) VALUES (null, 'Cereal', 5);
INSERT INTO Tag (imglink, name, parentid) VALUES (null, 'Cheese Substitutes', 5);
INSERT INTO Tag (imglink, name, parentid) VALUES (null, 'Chowder', 5);
INSERT INTO Tag (imglink, name, parentid) VALUES (null, 'Citrus Oil', 5);
INSERT INTO Tag (imglink, name, parentid) VALUES (null, 'Coating Mixes', 5);
INSERT INTO Tag (imglink, name, parentid) VALUES (null, 'Concentrates', 5);
INSERT INTO Tag (imglink, name, parentid) VALUES (null, 'Condiments', 5);
INSERT INTO Tag (imglink, name, parentid) VALUES (null, 'Cooking Wine', 5);
INSERT INTO Tag (imglink, name, parentid) VALUES (null, 'Corn Oil', 5);
INSERT INTO Tag (imglink, name, parentid) VALUES (null, 'Croutons', 5);
INSERT INTO Tag (imglink, name, parentid) VALUES (null, 'Dips', 5);
INSERT INTO Tag (imglink, name, parentid) VALUES (null, 'Dressings', 5);
INSERT INTO Tag (imglink, name, parentid) VALUES (null, 'Eggs & Egg Products', 5);
INSERT INTO Tag (imglink, name, parentid) VALUES (null, 'Flavorings', 5);
INSERT INTO Tag (imglink, name, parentid) VALUES (null, 'Fruit: Canned', 5);
INSERT INTO Tag (imglink, name, parentid) VALUES (null, 'Fruit: Processed', 5);
INSERT INTO Tag (imglink, name, parentid) VALUES (null, 'Fruit: Purees', 5);
INSERT INTO Tag (imglink, name, parentid) VALUES (null, 'Gift Foods & Items', 5);
INSERT INTO Tag (imglink, name, parentid) VALUES (null, 'Ginger', 5);
INSERT INTO Tag (imglink, name, parentid) VALUES (null, 'Grocery Products', 5);
INSERT INTO Tag (imglink, name, parentid) VALUES (null, 'Herbs', 5);
INSERT INTO Tag (imglink, name, parentid) VALUES (null, 'Hops', 5);
INSERT INTO Tag (imglink, name, parentid) VALUES (null, 'Horseradish', 5);
INSERT INTO Tag (imglink, name, parentid) VALUES (null, 'Ice Cream Cones', 5);
INSERT INTO Tag (imglink, name, parentid) VALUES (null, 'Ketchup', 5);
INSERT INTO Tag (imglink, name, parentid) VALUES (null, 'Lard', 5);
INSERT INTO Tag (imglink, name, parentid) VALUES (null, 'Main Entree/Pre-Mix', 5);
INSERT INTO Tag (imglink, name, parentid) VALUES (null, 'Maple Products', 5);
INSERT INTO Tag (imglink, name, parentid) VALUES (null, 'Margarine', 5);
INSERT INTO Tag (imglink, name, parentid) VALUES (null, 'Marinade', 5);
INSERT INTO Tag (imglink, name, parentid) VALUES (null, 'Mayonnaise', 5);
INSERT INTO Tag (imglink, name, parentid) VALUES (null, 'Millet', 5);
INSERT INTO Tag (imglink, name, parentid) VALUES (null, 'Mixes', 5);
INSERT INTO Tag (imglink, name, parentid) VALUES (null, 'Mustard', 5);
INSERT INTO Tag (imglink, name, parentid) VALUES (null, 'Oats & Oat Products', 5);
INSERT INTO Tag (imglink, name, parentid) VALUES (null, 'Oils & Fats', 5);
INSERT INTO Tag (imglink, name, parentid) VALUES (null, 'Olive Oil', 5);
INSERT INTO Tag (imglink, name, parentid) VALUES (null, 'Pasta', 5);
INSERT INTO Tag (imglink, name, parentid) VALUES (null, 'Peanut Butter', 5);
INSERT INTO Tag (imglink, name, parentid) VALUES (null, 'Popcorn', 5);
INSERT INTO Tag (imglink, name, parentid) VALUES (null, 'Quiche', 5);
INSERT INTO Tag (imglink, name, parentid) VALUES (null, 'Relish', 5);
INSERT INTO Tag (imglink, name, parentid) VALUES (null, 'Rice', 5);
INSERT INTO Tag (imglink, name, parentid) VALUES (null, 'Salsa', 5);
INSERT INTO Tag (imglink, name, parentid) VALUES (null, 'Salt', 5);
INSERT INTO Tag (imglink, name, parentid) VALUES (null, 'Sandwiches', 5);
INSERT INTO Tag (imglink, name, parentid) VALUES (null, 'Sauces', 5);
INSERT INTO Tag (imglink, name, parentid) VALUES (null, 'Sauerkraut', 5);
INSERT INTO Tag (imglink, name, parentid) VALUES (null, 'Shortening', 5);
INSERT INTO Tag (imglink, name, parentid) VALUES (null, 'Soup/Stews', 5);
INSERT INTO Tag (imglink, name, parentid) VALUES (null, 'Soybeans & Soy Products', 5);
INSERT INTO Tag (imglink, name, parentid) VALUES (null, 'Spices and Seasonings', 5);
INSERT INTO Tag (imglink, name, parentid) VALUES (null, 'Syrup', 5);
INSERT INTO Tag (imglink, name, parentid) VALUES (null, 'Tartar Sauce', 5);
INSERT INTO Tag (imglink, name, parentid) VALUES (null, 'Toppings', 5);
INSERT INTO Tag (imglink, name, parentid) VALUES (null, 'Vegetable Oil', 5);
INSERT INTO Tag (imglink, name, parentid) VALUES (null, 'Vinegar', 5);
INSERT INTO Tag (imglink, name, parentid) VALUES (null, 'Wheat & Wheat Products', 5);
INSERT INTO Tag (imglink, name, parentid) VALUES (null, 'Wild Rice', 5);
INSERT INTO Tag (imglink, name, parentid) VALUES (null, 'Gluten Free', 6);
INSERT INTO Tag (imglink, name, parentid) VALUES (null, 'Granola', 6);
INSERT INTO Tag (imglink, name, parentid) VALUES (null, 'Health Foods', 6);
INSERT INTO Tag (imglink, name, parentid) VALUES (null, 'Internal Breath Freshener', 6);
INSERT INTO Tag (imglink, name, parentid) VALUES (null, 'Natural Foods', 6);
INSERT INTO Tag (imglink, name, parentid) VALUES (null, 'Organic Foods', 6);
INSERT INTO Tag (imglink, name, parentid) VALUES (null, 'Sprouts', 6);
INSERT INTO Tag (imglink, name, parentid) VALUES (null, 'Tofu', 6);
INSERT INTO Tag (imglink, name, parentid) VALUES (null, 'Vegetarian Foods', 6);
INSERT INTO Tag (imglink, name, parentid) VALUES (null, 'Vitamins', 6);
INSERT INTO Tag (imglink, name, parentid) VALUES (null, 'Bacon', 7);
INSERT INTO Tag (imglink, name, parentid) VALUES (null, 'Bar-B-Q', 7);
INSERT INTO Tag (imglink, name, parentid) VALUES (null, 'Beef Products', 7);
INSERT INTO Tag (imglink, name, parentid) VALUES (null, 'Beef: Jerky', 7);
INSERT INTO Tag (imglink, name, parentid) VALUES (null, 'Bologna', 7);
INSERT INTO Tag (imglink, name, parentid) VALUES (null, 'Buffalo', 7);
INSERT INTO Tag (imglink, name, parentid) VALUES (null, 'Corned Beef', 7);
INSERT INTO Tag (imglink, name, parentid) VALUES (null, 'Deli Products', 7);
INSERT INTO Tag (imglink, name, parentid) VALUES (null, 'Game', 7);
INSERT INTO Tag (imglink, name, parentid) VALUES (null, 'Ham', 7);
INSERT INTO Tag (imglink, name, parentid) VALUES (null, 'Hotdogs', 7);
INSERT INTO Tag (imglink, name, parentid) VALUES (null, 'Jerky', 7);
INSERT INTO Tag (imglink, name, parentid) VALUES (null, 'Lamb', 7);
INSERT INTO Tag (imglink, name, parentid) VALUES (null, 'Meat', 7);
INSERT INTO Tag (imglink, name, parentid) VALUES (null, 'Meat: Canned', 7);
INSERT INTO Tag (imglink, name, parentid) VALUES (null, 'Meat: Cured', 7);
INSERT INTO Tag (imglink, name, parentid) VALUES (null, 'Meat: Deli Style', 7);
INSERT INTO Tag (imglink, name, parentid) VALUES (null, 'Meat: Processed', 7);
INSERT INTO Tag (imglink, name, parentid) VALUES (null, 'Meat: Products', 7);
INSERT INTO Tag (imglink, name, parentid) VALUES (null, 'Meat: Smoked', 7);
INSERT INTO Tag (imglink, name, parentid) VALUES (null, 'Ostrich/Emu', 7);
INSERT INTO Tag (imglink, name, parentid) VALUES (null, 'Pastrami', 7);
INSERT INTO Tag (imglink, name, parentid) VALUES (null, 'Pigs Feet', 7);
INSERT INTO Tag (imglink, name, parentid) VALUES (null, 'Pork', 7);
INSERT INTO Tag (imglink, name, parentid) VALUES (null, 'Pork: Processed', 7);
INSERT INTO Tag (imglink, name, parentid) VALUES (null, 'Salami', 7);
INSERT INTO Tag (imglink, name, parentid) VALUES (null, 'Sausage', 7);
INSERT INTO Tag (imglink, name, parentid) VALUES (null, 'Veal', 7);
INSERT INTO Tag (imglink, name, parentid) VALUES (null, 'Venison & Products', 7);
INSERT INTO Tag (imglink, name, parentid) VALUES (null, 'Chicken', 8);
INSERT INTO Tag (imglink, name, parentid) VALUES (null, 'Duck & Duckling', 8);
INSERT INTO Tag (imglink, name, parentid) VALUES (null, 'Poultry', 8);
INSERT INTO Tag (imglink, name, parentid) VALUES (null, 'Poultry Products', 8);
INSERT INTO Tag (imglink, name, parentid) VALUES (null, 'Quail', 8);
INSERT INTO Tag (imglink, name, parentid) VALUES (null, 'Turkey', 8);
INSERT INTO Tag (imglink, name, parentid) VALUES (null, 'Bluefish', 9);
INSERT INTO Tag (imglink, name, parentid) VALUES (null, 'Catfish', 9);
INSERT INTO Tag (imglink, name, parentid) VALUES (null, 'Caviar', 9);
INSERT INTO Tag (imglink, name, parentid) VALUES (null, 'Clam Tongues', 9);
INSERT INTO Tag (imglink, name, parentid) VALUES (null, 'Clams', 9);
INSERT INTO Tag (imglink, name, parentid) VALUES (null, 'Crabs', 9);
INSERT INTO Tag (imglink, name, parentid) VALUES (null, 'Crawfish', 9);
INSERT INTO Tag (imglink, name, parentid) VALUES (null, 'Fish', 9);
INSERT INTO Tag (imglink, name, parentid) VALUES (null, 'Fish: Canned', 9);
INSERT INTO Tag (imglink, name, parentid) VALUES (null, 'Halibut', 9);
INSERT INTO Tag (imglink, name, parentid) VALUES (null, 'Herring', 9);
INSERT INTO Tag (imglink, name, parentid) VALUES (null, 'Lobster: Live & Frozen', 9);
INSERT INTO Tag (imglink, name, parentid) VALUES (null, 'Mackerel', 9);
INSERT INTO Tag (imglink, name, parentid) VALUES (null, 'Mussels', 9);
INSERT INTO Tag (imglink, name, parentid) VALUES (null, 'Octopus', 9);
INSERT INTO Tag (imglink, name, parentid) VALUES (null, 'Oysters', 9);
INSERT INTO Tag (imglink, name, parentid) VALUES (null, 'Salmon', 9);
INSERT INTO Tag (imglink, name, parentid) VALUES (null, 'Sardines', 9);
INSERT INTO Tag (imglink, name, parentid) VALUES (null, 'Scallops', 9);
INSERT INTO Tag (imglink, name, parentid) VALUES (null, 'Seafood', 9);
INSERT INTO Tag (imglink, name, parentid) VALUES (null, 'Shark', 9);
INSERT INTO Tag (imglink, name, parentid) VALUES (null, 'Shrimp', 9);
INSERT INTO Tag (imglink, name, parentid) VALUES (null, 'Smoked Seafood', 9);
INSERT INTO Tag (imglink, name, parentid) VALUES (null, 'Sturgeon', 9);
INSERT INTO Tag (imglink, name, parentid) VALUES (null, 'Trout', 9);
INSERT INTO Tag (imglink, name, parentid) VALUES (null, 'Tuna', 9);
INSERT INTO Tag (imglink, name, parentid) VALUES (null, 'Almonds', 10);
INSERT INTO Tag (imglink, name, parentid) VALUES (null, 'Cashews', 10);
INSERT INTO Tag (imglink, name, parentid) VALUES (null, 'Grains', 10);
INSERT INTO Tag (imglink, name, parentid) VALUES (null, 'Hazelnuts', 10);
INSERT INTO Tag (imglink, name, parentid) VALUES (null, 'Oil Seeds', 10);
INSERT INTO Tag (imglink, name, parentid) VALUES (null, 'Peanuts', 10);
INSERT INTO Tag (imglink, name, parentid) VALUES (null, 'Pecans', 10);
INSERT INTO Tag (imglink, name, parentid) VALUES (null, 'Pistachios', 10);
INSERT INTO Tag (imglink, name, parentid) VALUES (null, 'Seeds & Nuts', 10);
INSERT INTO Tag (imglink, name, parentid) VALUES (null, 'Sunflower Seeds', 10);
INSERT INTO Tag (imglink, name, parentid) VALUES (null, 'Walnuts', 10);
INSERT INTO Tag (imglink, name, parentid) VALUES (null, 'Alfalfa Sprouts', 11);
INSERT INTO Tag (imglink, name, parentid) VALUES (null, 'Asparagus', 11);
INSERT INTO Tag (imglink, name, parentid) VALUES (null, 'Bean Products', 11);
INSERT INTO Tag (imglink, name, parentid) VALUES (null, 'Beans', 11);
INSERT INTO Tag (imglink, name, parentid) VALUES (null, 'Beets', 11);
INSERT INTO Tag (imglink, name, parentid) VALUES (null, 'Black-Eyed Peas', 11);
INSERT INTO Tag (imglink, name, parentid) VALUES (null, 'Cabbage', 11);
INSERT INTO Tag (imglink, name, parentid) VALUES (null, 'Carrots', 11);
INSERT INTO Tag (imglink, name, parentid) VALUES (null, 'Cauliflower', 11);
INSERT INTO Tag (imglink, name, parentid) VALUES (null, 'Celery', 11);
INSERT INTO Tag (imglink, name, parentid) VALUES (null, 'Corn', 11);
INSERT INTO Tag (imglink, name, parentid) VALUES (null, 'Corn Products', 11);
INSERT INTO Tag (imglink, name, parentid) VALUES (null, 'Garlic', 11);
INSERT INTO Tag (imglink, name, parentid) VALUES (null, 'Leeks', 11);
INSERT INTO Tag (imglink, name, parentid) VALUES (null, 'Lettuce', 11);
INSERT INTO Tag (imglink, name, parentid) VALUES (null, 'Mushrooms', 11);
INSERT INTO Tag (imglink, name, parentid) VALUES (null, 'Okra', 11);
INSERT INTO Tag (imglink, name, parentid) VALUES (null, 'Olives', 11);
INSERT INTO Tag (imglink, name, parentid) VALUES (null, 'Onions', 11);
INSERT INTO Tag (imglink, name, parentid) VALUES (null, 'Parsley', 11);
INSERT INTO Tag (imglink, name, parentid) VALUES (null, 'Peas', 11);
INSERT INTO Tag (imglink, name, parentid) VALUES (null, 'Peppers', 11);
INSERT INTO Tag (imglink, name, parentid) VALUES (null, 'Pickles', 11);
INSERT INTO Tag (imglink, name, parentid) VALUES (null, 'Potatoes & Potato', 11);
INSERT INTO Tag (imglink, name, parentid) VALUES (null, 'Products', 11);
INSERT INTO Tag (imglink, name, parentid) VALUES (null, 'Prunes', 11);
INSERT INTO Tag (imglink, name, parentid) VALUES (null, 'Radishes', 11);
INSERT INTO Tag (imglink, name, parentid) VALUES (null, 'Salad & Salad Mixes', 11);
INSERT INTO Tag (imglink, name, parentid) VALUES (null, 'Shallots', 11);
INSERT INTO Tag (imglink, name, parentid) VALUES (null, 'Spinach', 11);
INSERT INTO Tag (imglink, name, parentid) VALUES (null, 'Squash', 11);
INSERT INTO Tag (imglink, name, parentid) VALUES (null, 'Tomatoes & Tomato', 11);
INSERT INTO Tag (imglink, name, parentid) VALUES (null, 'Products', 11);
INSERT INTO Tag (imglink, name, parentid) VALUES (null, 'Vegetables', 11);
INSERT INTO Tag (imglink, name, parentid) VALUES (null, 'Vegetables: Canned', 11);
INSERT INTO Tag (imglink, name, parentid) VALUES (null, 'Vegetables: Processed', 11);
INSERT INTO Tag (imglink, name, parentid) VALUES (null, 'Yams', 11);
INSERT INTO Tag (imglink, name, parentid) VALUES (null, 'Zucchini Sticks', 11);


-- Customer
insert into Customer (username, Area_zipcode, street, email, fullName, password, orgName, description, imgLink, phone) values ('Customer0', '15044', '9 Northview Park', 'rbanks0@mtv.com', 'Ronald Banks', 'tester', 'Thoughtmix', 'Hello world', 'img-eaf564e3-7b12-4fc9-bc16-d4f60f724de1.jpg', '815-679-8449');
insert into Customer (username, Area_zipcode, street, email, fullName, password, orgName, description, imgLink, phone) values ('jhicks1', '15139', '46 Huxley Point', 'jhicks1@squidoo.com', 'Joan Hicks', 'tester', null, null, 'img-6cdd4212-f5f2-4841-ae7f-2bb9f7ac2a62.jpg', '890-999-9423');
insert into Customer (username, Area_zipcode, street, email, fullName, password, orgName, description, imgLink, phone) values ('mburke2', '15254', '2 Monument Way', 'mburke2@barnesandnoble.com', 'Martin Burke', 'tester', 'Browsetype', null, 'img-786a21d7-9e8e-4ec6-9da7-57fab6c58b8d.jpg', '358-163-6160');
insert into Customer (username, Area_zipcode, street, email, fullName, password, orgName, description, imgLink, phone) values ('sbanks3', '15221', '26882 Hallows Center', 'sbanks3@squidoo.com', 'Sean Banks', 'tester', null, null, 'img-81565ac8-fc04-404a-8ea9-aab2e7971814.jpg', '107-018-7459');
insert into Customer (username, Area_zipcode, street, email, fullName, password, orgName, description, imgLink, phone) values ('danderson4', '15279', '29110 Thompson Street', 'danderson4@bbb.org', 'Dennis Anderson', 'tester', 'BlogXS', null, 'img-c2680d8a-7a4a-4091-8149-c46f19f18d3f.jpg', '337-574-3481');
insert into Customer (username, Area_zipcode, street, email, fullName, password, orgName, description, imgLink, phone) values ('fwagner5', '15205', '3 Maryland Point', 'fwagner5@jalbum.net', 'Frances Wagner', 'tester', null, 'Duis consequat dui nec nisi volutpat eleifend. Donec ut dolor. Morbi vel lectus in quam fringilla rhoncus.', null, '709-403-8992');
insert into Customer (username, Area_zipcode, street, email, fullName, password, orgName, description, imgLink, phone) values ('mgordon6', '15133', '3 Arizona Street', 'mgordon6@ted.com', 'Michael Gordon', 'tester', null, null, null, '606-677-6819');
insert into Customer (username, Area_zipcode, street, email, fullName, password, orgName, description, imgLink, phone) values ('abrooks7', '15259', '42162 Memorial Hill', 'abrooks7@si.edu', 'Amy Brooks', 'tester', 'Yoveo', 'Cras mi pede, malesuada in, imperdiet et, commodo vulputate, justo. In blandit ultrices enim. Lorem ipsum dolor sit amet, consectetuer adipiscing elit. Proin interdum mauris non ligula pellentesque ultrices. Phasellus id sapien in sapien iaculis congue.', 'img-d5b0f2aa-c00f-4174-8388-b2f981c72586.jpg', '407-611-8797');
insert into Customer (username, Area_zipcode, street, email, fullName, password, orgName, description, imgLink, phone) values ('kweaver8', '15202', '28300 Hermina Place', 'kweaver8@discovery.com', 'Karen Weaver', 'tester', null, null, null, '217-798-2445');
insert into Customer (username, Area_zipcode, street, email, fullName, password, orgName, description, imgLink, phone) values ('bwest9', '15082', '0 Harbort Alley', 'bwest9@angelfire.com', 'Betty West', 'tester', 'Yombu', null, 'img-3bdec21a-a88f-407f-9bfa-a2a63faedb95.jpg', '742-821-3995');
insert into Customer (username, Area_zipcode, street, email, fullName, password, orgName, description, imgLink, phone) values ('lmartineza', '15251', '6982 Bunting Way', 'lmartineza@hatena.ne.jp', 'Linda Martinez', 'tester', 'Browseblab', 'Morbi non quam nec dui luctus rutrum. Nulla tellus.', null, '482-174-0582');
insert into Customer (username, Area_zipcode, street, email, fullName, password, orgName, description, imgLink, phone) values ('dfranklinb', '15014', '440 Nelson Court', 'dfranklinb@ycombinator.com', 'Deborah Franklin', 'tester', 'Oozz', 'Integer pede justo, lacinia eget, tincidunt eget, tempus vel, pede. Morbi porttitor lorem id ligula.', 'img-2cd0dee0-d9ad-4e20-82ae-6fb4183c1479.jpg', '526-322-5414');
insert into Customer (username, Area_zipcode, street, email, fullName, password, orgName, description, imgLink, phone) values ('jlarsonc', '15220', '19 Bartillon Alley', 'jlarsonc@yale.edu', 'Joseph Larson', 'tester', 'Twinder', null, null, '824-221-1667');
insert into Customer (username, Area_zipcode, street, email, fullName, password, orgName, description, imgLink, phone) values ('lmontgomeryd', '15144', '05 Eastwood Road', 'lmontgomeryd@bloglovin.com', 'Linda Montgomery', 'tester', null, 'Aliquam non mauris.', 'img-4b8be77a-98f8-4f6d-ab44-1e7a59cf23bc.jpg', '589-209-0787');
insert into Customer (username, Area_zipcode, street, email, fullName, password, orgName, description, imgLink, phone) values ('probinsone', '15202', '6676 Hanson Plaza', 'probinsone@shop-pro.jp', 'Phillip Robinson', 'tester', null, null, 'img-0f5199ab-47ce-4e00-a044-7462bb3aaeb1.jpg', '454-571-9438');
insert into Customer (username, Area_zipcode, street, email, fullName, password, orgName, description, imgLink, phone) values ('jburnsf', '15259', '42063 Darwin Road', 'jburnsf@usgs.gov', 'Jeffrey Burns', 'tester', null, null, null, '415-690-2476');
insert into Customer (username, Area_zipcode, street, email, fullName, password, orgName, description, imgLink, phone) values ('cgardnerg', '15222', '8445 Bartelt Lane', 'cgardnerg@intel.com', 'Chris Gardner', 'tester', 'Digitube', null, null, '436-757-5418');
insert into Customer (username, Area_zipcode, street, email, fullName, password, orgName, description, imgLink, phone) values ('lkimh', '15091', '5660 Shelley Park', 'lkimh@princeton.edu', 'Linda Kim', 'tester', 'Latz', null, 'img-b1299cd5-28e3-47fb-ad74-592a4130ad19.jpg', '753-893-5880');
insert into Customer (username, Area_zipcode, street, email, fullName, password, orgName, description, imgLink, phone) values ('drogersi', '15219', '5255 Westridge Parkway', 'drogersi@seesaa.net', 'Dorothy Rogers', 'tester', 'SnapTags', 'Vestibulum ante ipsum primis in faucibus orci luctus et ultrices posuere cubilia Curae; Donec pharetra, magna ve', 'img-c3c2dda1-d56f-4231-ba4e-d93e1b84a071.jpg', '924-151-1640');
insert into Customer (username, Area_zipcode, street, email, fullName, password, orgName, description, imgLink, phone) values ('achavezj', '15015', '5 Dwight Drive', 'achavezj@bravesites.com', 'Annie Chavez', 'tester', 'Katz', 'Morbi non lectus. Aliquam sit amet diam in magna bibendum imperdiet. Nullam orci pede, venenatis non, sodales sed, tincidunt eu, felis. Fusce posuere felis sed lacus. Morbi sem mauris, laoreet ut, rhoncus aliquet, pulvinar sed, nisl.', 'img-29027418-a6b3-4a41-91b2-279c6faeacbb.jpg', '624-681-4898');
insert into Customer (username, Area_zipcode, street, email, fullName, password, orgName, description, imgLink, phone) values ('dporterk', '15257', '538 Onsgard Court', 'dporterk@ed.gov', 'Diana Porter', 'tester', 'Cogidoo', null, 'img-9d8fea95-f277-4cd6-b3eb-fe333a567da2.jpg', '226-405-4500');
insert into Customer (username, Area_zipcode, street, email, fullName, password, orgName, description, imgLink, phone) values ('jjacksonl', '15295', '40708 Mayer Alley', 'jjacksonl@bloglovin.com', 'Jack Jackson', 'tester', 'Oyope', null, 'img-e1a86658-f182-4a92-91cb-1420e507880a.jpg', '608-806-7920');
insert into Customer (username, Area_zipcode, street, email, fullName, password, orgName, description, imgLink, phone) values ('thamiltonm', '15230', '9453 Doe Crossing Plaza', 'thamiltonm@t-online.de', 'Teresa Hamilton', 'tester', null, 'Proin at turpis a pede posuere nonummy. Integer non velit. Donec diam neque, vestibulum eget, vulputate ut, ultrices vel, augue.', 'img-7fa264b2-e192-45f1-a04f-8e64c4d4fc0f.jpg', '884-035-1159');
insert into Customer (username, Area_zipcode, street, email, fullName, password, orgName, description, imgLink, phone) values ('lpowelln', '15203', '50 Melody Park', 'lpowelln@mail.ru', 'Linda Powell', 'tester', 'Flipopia', null, null, '522-613-8760');
insert into Customer (username, Area_zipcode, street, email, fullName, password, orgName, description, imgLink, phone) values ('wgonzalezo', '15295', '77 Little Fleur Avenue', 'wgonzalezo@blinklist.com', 'Wayne Gonzalez', 'tester', null, 'Duis bibendum, felis sed interdum venenatis, turpis enim blandit mi, in porttitor pede justo eu massa. Donec dapibus.', 'img-c5ac9343-9a9e-4bc2-bf3e-b0d081ef760b.jpg', '522-211-7690');
insert into Customer (username, Area_zipcode, street, email, fullName, password, orgName, description, imgLink, phone) values ('kburkep', '15228', '6 Beilfuss Alley', 'kburkep@umn.edu', 'Karen Burke', 'tester', null, null, 'img-b10ee168-3048-4cc4-aeb9-3fce107ae4fd.jpg', '743-066-1259');
insert into Customer (username, Area_zipcode, street, email, fullName, password, orgName, description, imgLink, phone) values ('jhansenq', '15209', '770 Welch Road', 'jhansenq@youtu.be', 'James Hansen', 'tester', 'Quamba', null, 'img-178803f4-4b71-4bcc-be96-74406ab36de4.jpg', '407-324-3156');
insert into Customer (username, Area_zipcode, street, email, fullName, password, orgName, description, imgLink, phone) values ('chayesr', '15264', '5 Veith Street', 'chayesr@4shared.com', 'Charles Hayes', 'tester', null, null, null, '879-204-7967');
insert into Customer (username, Area_zipcode, street, email, fullName, password, orgName, description, imgLink, phone) values ('cshaws', '15272', '4671 South Circle', 'cshaws@360.cn', 'Carolyn Shaw', 'tester', 'Dablist', null, 'img-ebfbbb37-5ca4-4481-a264-19d2c5650edd.jpg', '554-355-5776');
insert into Customer (username, Area_zipcode, street, email, fullName, password, orgName, description, imgLink, phone) values ('lgibsont', '15228', '3 Cascade Trail', 'lgibsont@edublogs.org', 'Larry Gibson', 'tester', 'Skaboo', null, null, '491-515-7334');
insert into Customer (username, Area_zipcode, street, email, fullName, password, orgName, description, imgLink, phone) values ('kjenkinsu', '15120', '87551 Golden Leaf Alley', 'kjenkinsu@va.gov', 'Kathleen Jenkins', 'tester', 'Photospace', null, 'img-51d3648d-d0ba-45f7-b43c-9d60dfd04eb1.jpg', '133-679-7024');
insert into Customer (username, Area_zipcode, street, email, fullName, password, orgName, description, imgLink, phone) values ('jriverav', '15028', '7 Montana Alley', 'jriverav@joomla.org', 'Joe Rivera', 'tester', 'Oba', 'Ut tellus. Nulla ut erat id mauris vulputate elementum. Nullam varius. Nulla facilisi. Cras non velit nec nisi vulputate nonummy.', 'img-68f4d432-c084-40b0-9a02-2e5f7da02be0.jpg', '567-168-0281');
insert into Customer (username, Area_zipcode, street, email, fullName, password, orgName, description, imgLink, phone) values ('paustinw', '15236', '35 Gina Court', 'paustinw@apache.org', 'Philip Austin', 'tester', 'Vinder', null, 'img-1166b00c-7a4b-4cb3-a92b-ef7546ab77db.jpg', '586-217-9822');
insert into Customer (username, Area_zipcode, street, email, fullName, password, orgName, description, imgLink, phone) values ('lcruzx', '15144', '423 Buhler Alley', 'lcruzx@google.it', 'Lori Cruz', 'tester', null, 'Donec dapibus. Duis at velit eu est congue elementum. In hac habitasse platea dictumst.', 'img-052f35e4-1a09-485e-85e1-f288d512c745.jpg', '668-715-1498');
insert into Customer (username, Area_zipcode, street, email, fullName, password, orgName, description, imgLink, phone) values ('dmasony', '15205', '16 West Trail', 'dmasony@dot.gov', 'Diana Mason', 'tester', 'Wordtune', null, 'img-b6c5942f-df79-4e51-8cc9-073909c25f72.jpg', '815-891-6042');
insert into Customer (username, Area_zipcode, street, email, fullName, password, orgName, description, imgLink, phone) values ('cstonez', '15137', '40 Monica Junction', 'cstonez@wikia.com', 'Charles Stone', 'tester', 'Riffwire', null, 'img-a285351a-feb7-4759-9053-7de43a1f5403.jpg', '660-005-0568');
insert into Customer (username, Area_zipcode, street, email, fullName, password, orgName, description, imgLink, phone) values ('dhawkins10', '15265', '3 Merrick Court', 'dhawkins10@mtv.com', 'Denise Hawkins', 'tester', null, 'Vestibulum ante ipsum primis in faucibus orci luctus et ultrices posuere cubilia Curae; Nulla dapibus dolor vel est. Donec odio justo, sollicitudin ut, suscipit a, feugiat et, eros.', null, '660-625-3326');
insert into Customer (username, Area_zipcode, street, email, fullName, password, orgName, description, imgLink, phone) values ('bcampbell11', '15267', '0542 Sloan Way', 'bcampbell11@weibo.com', 'Bonnie Campbell', 'tester', null, null, null, '507-729-9682');
insert into Customer (username, Area_zipcode, street, email, fullName, password, orgName, description, imgLink, phone) values ('hmurray12', '15037', '56 Ludington Road', 'hmurray12@sun.com', 'Harold Murray', 'tester', 'Cogilith', 'Morbi vestibulum, velit id pretium iaculis, diam erat fermentum justo, nec condimentum neque sapien placerat ante. Nulla justo. Aliquam quis turpis eget elit sodales scelerisque. Mauris sit amet eros. Suspendisse accumsan tortor quis turpis.', 'img-fe1b7c16-03b5-4a6a-8241-a133a90600bd.jpg', '826-258-4315');
insert into Customer (username, Area_zipcode, street, email, fullName, password, orgName, description, imgLink, phone) values ('ecampbell13', '15090', '038 Golf View Way', 'ecampbell13@wisc.edu', 'Eric Campbell', 'tester', 'Babbleset', null, null, '232-860-0260');
insert into Customer (username, Area_zipcode, street, email, fullName, password, orgName, description, imgLink, phone) values ('mmills14', '15006', '977 Farwell Lane', 'mmills14@desdev.cn', 'Mark Mills', 'tester', null, 'Donec vitae nisi.', 'img-b49c72b2-9f0b-41a1-91cb-1667b77673c9.jpg', '173-174-7563');
insert into Customer (username, Area_zipcode, street, email, fullName, password, orgName, description, imgLink, phone) values ('ewilliams15', '15216', '8 Cordelia Circle', 'ewilliams15@sitemeter.com', 'Ernest Williams', 'tester', null, null, 'img-66896b37-3323-4cee-98a0-8922c3dd7ab8.jpg', '602-627-7975');
insert into Customer (username, Area_zipcode, street, email, fullName, password, orgName, description, imgLink, phone) values ('aandrews16', '15259', '363 Kropf Point', 'aandrews16@jugem.jp', 'Aaron Andrews', 'tester', null, null, 'img-99644e90-0a9c-4a52-82bb-94d4a49f27a4.jpg', '755-338-6027');
insert into Customer (username, Area_zipcode, street, email, fullName, password, orgName, description, imgLink, phone) values ('jlarson17', '15104', '7015 Northfield Way', 'jlarson17@blogs.com', 'Julia Larson', 'tester', null, null, null, '687-339-4161');
insert into Customer (username, Area_zipcode, street, email, fullName, password, orgName, description, imgLink, phone) values ('fmason18', '15229', '88166 Ilene Trail', 'fmason18@auda.org.au', 'Frank Mason', 'tester', 'Zoomdog', null, 'img-59387247-ae47-4660-9e2d-3e31a57d4e60.jpg', '383-637-2387');
insert into Customer (username, Area_zipcode, street, email, fullName, password, orgName, description, imgLink, phone) values ('mhenry19', '15028', '001 Texas Crossing', 'mhenry19@youtube.com', 'Martha Henry', 'tester', 'Quire', null, null, '663-103-3230');
insert into Customer (username, Area_zipcode, street, email, fullName, password, orgName, description, imgLink, phone) values ('woliver1a', '15279', '426 Shopko Point', 'woliver1a@theguardian.com', 'Wayne Oliver', 'tester', null, 'Sed accumsan felis.', null, '652-585-9260');
insert into Customer (username, Area_zipcode, street, email, fullName, password, orgName, description, imgLink, phone) values ('cfuller1b', '15289', '3942 Morning Drive', 'cfuller1b@g.co', 'Charles Fuller', 'tester', 'Yakitri', 'Donec dapibus. Duis at velit eu est congue elementum. In hac habitasse platea dictumst. Morbi vestibulum, velit id pretium iaculis, diam erat fermentum justo, nec condimentum neque sapien placerat ante. Nulla justo.', 'img-2ff4df80-b272-443d-a7a1-b1152dead6e1.jpg', '775-207-4259');
insert into Customer (username, Area_zipcode, street, email, fullName, password, orgName, description, imgLink, phone) values ('aortiz1c', '15204', '3432 Bobwhite Parkway', 'aortiz1c@fastcompany.com', 'Amy Ortiz', 'tester', null, null, 'img-6eaadafa-8d2b-4557-8163-d067c408efa2.jpg', '683-850-7416');
insert into Customer (username, Area_zipcode, street, email, fullName, password, orgName, description, imgLink, phone) values ('charrison1d', '15204', '123 Florence Plaza', 'charrison1d@pbs.org', 'Christine Harrison', 'tester', null, 'Nam dui. Proin leo odio, porttitor id, consequat in, consequat ut, nulla. Sed accumsan felis. Ut at dolor quis odio consequat varius.', 'img-2515081a-457c-490e-87d2-d6bc085fc6bd.jpg', '891-941-2943');

-- Supplier
insert into Supplier (username, Area_zipcode, street, email, fullName, password, orgName, description, imgLink, phone) values ('Supplier0', '15132', '38648 Stang Park', 'jtorres0@spotify.com', 'James Torres', 'tester', 'Eimbee Farm',  'Morbi non lectus. Aliquam sit amet diam in magna bibendum imperdiet. Nullam orci pede, venenatis non, sodales sed, tincidunt eu, felis. Fusce posuere felis sed lacus.', 'img-6fbf3b23-54fc-42cc-8542-b83be19dfb41.jpg', '559-710-8485');
insert into Supplier (username, Area_zipcode, street, email, fullName, password, orgName, description, imgLink, phone) values ('eriley1', '15234', '62 Mccormick Avenue', 'eriley1@liveinternet.ru', 'Ernest Riley', 'tester', 'Kaymbo Farm', 'Nam dui. Proin leo odio, porttitor id, consequat in, consequat ut, nulla.', 'img-4cefd539-3ab8-40b0-b792-e8d072f73bdd.jpg', '116-186-0764');
insert into Supplier (username, Area_zipcode, street, email, fullName, password, orgName, description, imgLink, phone) values ('abradley2', '15272', '861 Waywood Hill', 'abradley2@harvard.edu', 'Arthur Bradley', 'tester', 'Wikizz Ranch', 'Lorem ipsum dolor sit amet, consectetuer adipiscing elit. Proin risus. Praesent lectus. Vestibulum quam sapien, varius ut, blandit non, interdum in, ante.', null, '208-151-3633');
insert into Supplier (username, Area_zipcode, street, email, fullName, password, orgName, description, imgLink, phone) values ('bhudson3', '15251', '3694 Raven Parkway', 'bhudson3@amazon.co.uk', 'Barbara Hudson', 'tester', 'Livetube Grocery', null, 'img-7c128556-f2a4-4d87-b9bc-338d12cb9fb1.jpg', '511-071-0496');
insert into Supplier (username, Area_zipcode, street, email, fullName, password, orgName, description, imgLink, phone) values ('bmorales4', '15104', '3521 Buena Vista Circle', 'bmorales4@webnode.com', 'Benjamin Morales', 'tester', 'Kazu Shop', 'Nulla suscipit ligula in lacus. Curabitur at ipsum ac tellus semper interdum. Mauris ullamcorper purus sit amet nulla. Quisque arcu libero, rutrum ac, lobortis vel, dapibus at, diam. Nam tristique tortor eu pede.', 'img-713a0296-e377-49ea-a944-293f2785fd51.jpg', '272-940-8645');
insert into Supplier (username, Area_zipcode, street, email, fullName, password, orgName, description, imgLink, phone) values ('lsanchez5', '15129', '14376 Vermont Circle', 'lsanchez5@adobe.com', 'Lisa Sanchez', 'tester', 'Zoovu Ranch', null, null, '965-081-0394');
insert into Supplier (username, Area_zipcode, street, email, fullName, password, orgName, description, imgLink, phone) values ('jmendoza6', '15131', '73 1st Place', 'jmendoza6@free.fr', 'Jose Mendoza', 'tester', 'Cogibox Goods', null, 'img-80588fdd-020b-466f-80b4-113cad88e7f5.jpg', '905-117-2608');
insert into Supplier (username, Area_zipcode, street, email, fullName, password, orgName, description, imgLink, phone) values ('adean7', '15136', '9 Sullivan Avenue', 'adean7@blogspot.com', 'Alan Dean', 'tester', 'Photobug Farm', null, 'img-c27d1d24-f70d-4013-9fbf-bf4e9a19e7e7.jpg', '810-952-4536');
insert into Supplier (username, Area_zipcode, street, email, fullName, password, orgName, description, imgLink, phone) values ('ehall8', '15215', '76 Tony Court', 'ehall8@tuttocitta.it', 'Eugene Hall', 'tester', 'LiveZ Garden', 'Nulla tellus. In sagittis dui vel nisl. Duis ac nibh. Fusce lacus purus, aliquet at, feugiat non, pretium quis, lectus.', 'img-8d66e933-1480-4698-bc80-b96fd0a39342.jpg', '415-263-1180');
insert into Supplier (username, Area_zipcode, street, email, fullName, password, orgName, description, imgLink, phone) values ('rking9', '15064', '6058 Thompson Junction', 'rking9@storify.com', 'Rebecca King', 'tester', 'Tagpad Herbs', null, 'img-fc9ee4bf-2475-4e42-83c4-e9f0145bd482.jpg', '353-578-5759');

-- Product

INSERT INTO Product (availableQuantity, currentPrice, currentShippingPrice, description, imgLink, name, unitName, supplier_id) VALUES (431, 2.99, 0.50, 'Locally grown. Quality is ensured.', 'img-71e06391-9067-47ba-aaa3-9e8f053c8edf.jpg', 'Avocado Organic', '1 ea', 1);
INSERT INTO Product (availableQuantity, currentPrice, currentShippingPrice, description, imgLink, name, unitName, supplier_id) VALUES (25, 6.99, 0.99, 'This is a homemade cheesecake', 'img-3bc3762a-d7ec-45ac-ae74-045ad0930bcf.jpg', 'Homemade cheesecake', '1 slice', 1);
INSERT INTO Product (availableQuantity, currentPrice, currentShippingPrice, description, imgLink, name, unitName, supplier_id) VALUES (250, 5.79, 0.00, 'Raw milk cheese', 'img-ca2cd288-7c98-4cce-bb2a-b109421c70a7.jpg', 'Cheese', '1 lb', 1);
INSERT INTO Product (availableQuantity, currentPrice, currentShippingPrice, description, imgLink, name, unitName, supplier_id) VALUES (45, 6.49, 1.00, null, 'img-5ef7698e-b6c2-41de-9717-07bd07f584e0.jpg', 'Chocolate Cake', '1 lb', 2);
INSERT INTO Product (availableQuantity, currentPrice, currentShippingPrice, description, imgLink, name, unitName, supplier_id) VALUES (210, 2.29, 0.49, null, 'img-3ce69d4f-401e-4433-a516-693b87a22eff.jpg', 'Avocado', '1 ea', 2);
INSERT INTO Product (availableQuantity, currentPrice, currentShippingPrice, description, imgLink, name, unitName, supplier_id) VALUES (40, 1.99, 1.99, null, null, 'Restaurant potatos', '1 lb', 3);
INSERT INTO Product (availableQuantity, currentPrice, currentShippingPrice, description, imgLink, name, unitName, supplier_id) VALUES (156, 2.79, 1.00, null, 'img-f5108807-5647-4162-b069-c5964e119cf2.jpg', 'Eggplant', '1 ea', 4);
INSERT INTO Product (availableQuantity, currentPrice, currentShippingPrice, description, imgLink, name, unitName, supplier_id) VALUES (50, 19.99, 0.00, null, 'img-ed1aca1c-9976-4d2e-97a2-386fa782f2ae.jpg', 'Herbal extract mix', '100 mg', 5);
INSERT INTO Product (availableQuantity, currentPrice, currentShippingPrice, description, imgLink, name, unitName, supplier_id) VALUES (0, 3.99, 0.99, 'Out of stock!', 'img-2cb0bd9f-aeca-4b37-96ce-56700e88b86c.jpg', 'Strawberry', '1 lb', 5);

-- Cart
INSERT INTO Cart (PRICE, QUANTITY, SHIPPINGPRICE, Customer_ID, Product_ID) VALUES (6.49, 75, 1.00, 1, 4);
INSERT INTO Cart (PRICE, QUANTITY, SHIPPINGPRICE, Customer_ID, Product_ID) VALUES (2.49, 15, 1.00, 1, 7);
INSERT INTO Cart (PRICE, QUANTITY, SHIPPINGPRICE, Customer_ID, Product_ID) VALUES (2.99, 15, 0.50, 1, 1);

-- Notification
INSERT INTO Notification (BODY, HASREAD, TIME, TOCustomer, TYPE, Customer_ID, Supplier_ID) VALUES (null, true, '2016-05-02 09:05:02.709000000', false, 1, 1, 1);
INSERT INTO Notification (BODY, HASREAD, TIME, TOCustomer, TYPE, Customer_ID, Supplier_ID) VALUES (null, false, '2016-05-02 09:05:54.653000000', false, 3, 1, 1);
INSERT INTO Notification (BODY, HASREAD, TIME, TOCustomer, TYPE, Customer_ID, Supplier_ID) VALUES (null, false, '2016-05-02 09:06:26.799000000', false, 1, 1, 1);
INSERT INTO Notification (BODY, HASREAD, TIME, TOCustomer, TYPE, Customer_ID, Supplier_ID) VALUES ('Hello I have a question for you. Please call me anytime. Thanks', false, '2016-05-02 16:49:21.702000000', false, 0, 1, 1);
INSERT INTO Notification (BODY, HASREAD, TIME, TOCustomer, TYPE, Customer_ID, Supplier_ID) VALUES ('I''ve tried to call you but you didn''t respond.', false, '2016-05-02 16:54:00.550000000', true, 0, 1, 1);
INSERT INTO Notification (BODY, HASREAD, TIME, TOCustomer, TYPE, Customer_ID, Supplier_ID) VALUES (null, false, '2016-05-02 17:02:35.274000000', true, 2, 1, 1);

-- Product Tag
INSERT INTO Product_Tag (Product_ID, TagS_ID) VALUES (2, 1);
INSERT INTO Product_Tag (Product_ID, TagS_ID) VALUES (2, 16);
INSERT INTO Product_Tag (Product_ID, TagS_ID) VALUES (3, 2);
INSERT INTO Product_Tag (Product_ID, TagS_ID) VALUES (3, 24);
INSERT INTO Product_Tag (Product_ID, TagS_ID) VALUES (1, 4);
INSERT INTO Product_Tag (Product_ID, TagS_ID) VALUES (1, 44);
INSERT INTO Product_Tag (Product_ID, TagS_ID) VALUES (1, 6);
INSERT INTO Product_Tag (Product_ID, TagS_ID) VALUES (1, 142);
INSERT INTO Product_Tag (Product_ID, TagS_ID) VALUES (1, 147);
INSERT INTO Product_Tag (Product_ID, TagS_ID) VALUES (5, 4);
INSERT INTO Product_Tag (Product_ID, TagS_ID) VALUES (6, 11);
INSERT INTO Product_Tag (Product_ID, TagS_ID) VALUES (6, 247);
INSERT INTO Product_Tag (Product_ID, TagS_ID) VALUES (8, 5);
INSERT INTO Product_Tag (Product_ID, TagS_ID) VALUES (8, 103);
INSERT INTO Product_Tag (Product_ID, TagS_ID) VALUES (8, 6);
INSERT INTO Product_Tag (Product_ID, TagS_ID) VALUES (8, 146);
INSERT INTO Product_Tag (Product_ID, TagS_ID) VALUES (9, 4);
INSERT INTO Product_Tag (Product_ID, TagS_ID) VALUES (9, 76);
INSERT INTO Product_Tag (Product_ID, TagS_ID) VALUES (4, 1);
INSERT INTO Product_Tag (Product_ID, TagS_ID) VALUES (4, 16);
INSERT INTO Product_Tag (Product_ID, TagS_ID) VALUES (7, 11);

-- Transact

INSERT INTO Transact (CANCEL, CANCELBYCustomer, CANCELREASON, EMAIL, FULLNAME, ORGNAME, PHONE, PRICE, QUANTITY, SHIPPED, SHIPPINGPRICE, STREET, TIME, TRACKING, Area_ZIPCODE, Customer_ID, Product_ID) VALUES (true, true, 'Mistakenly Ordered', 'rbanks0@mtv.com', 'Ronald Banks', 'Thoughtmix', '815-679-8449', 2.99, 4, false, 0.50, '9 Northview Park', '2016-05-02 09:05:02.693000000', null, '15044', 1, 1);
INSERT INTO Transact (CANCEL, CANCELBYCustomer, CANCELREASON, EMAIL, FULLNAME, ORGNAME, PHONE, PRICE, QUANTITY, SHIPPED, SHIPPINGPRICE, STREET, TIME, TRACKING, Area_ZIPCODE, Customer_ID, Product_ID) VALUES (false, false, null, 'rbanks0@mtv.com', 'Ronald Banks', 'Thoughtmix', '815-679-8449', 2.99, 14, true, 0.50, '9 Northview Park', '2016-05-02 09:06:26.795000000', '12442233322', '15044', 1, 1);